Date,SPY,XLB,XLE,XLF,XLI,XLK,XLP,XLU,XLV,XLY,^IRX
2000-02-29,-0.015225187768927007,-0.10046885852360377,-0.042334377748095564,-0.1070456138933702,-0.05517234603934673,0.10506795324899088,-0.11701418854962431,-0.12153744911519859,-0.06538634563824064,-0.055715314627280965,0.01989143806579685
2000-03-31,0.09691410582439342,0.10089276418299309,0.12442378959131295,0.1826240002554238,0.13920679517146373,0.08389259438758745,0.03759310430384977,0.10923684007102374,0.089949851106089,0.14151729436831229,0.014184383971608927
2000-04-30,-0.035120964453975945,-0.033220029957805264,-0.014925591889055956,0.009658299188642694,0.014446363614770918,-0.09184732646826932,0.05301896049262811,0.06545811329132945,-0.011716630157568075,-0.020822030816619597,-0.012237709334229407
2000-05-31,-0.01572267112143877,-0.03155665133572261,0.11742430916455016,0.02232143532162656,-0.0042196793428134205,-0.10397720682298406,0.07132886406472871,-0.002193767753799758,-0.026804202612449868,-0.0539809700491094,-0.028318640982051613
2000-06-30,0.019682355785408667,-0.08551183435662013,-0.055015683226277035,-0.04850106120421871,-0.03933093960262157,0.09955614530241474,0.0566121452096362,-0.03396731611485315,0.002118180620851895,-0.05410168173319707,0.038251374663391235
2000-07-31,-0.015702653618632656,0.008751272591380088,-0.038105755798270025,0.08815843447844007,0.015469514410278551,-0.05305612373708746,-0.036532070551325346,0.0154813512066867,-0.014798685797234978,0.015872968217735872,0.05614038287180789
2000-08-31,0.06534099696360252,0.022870287448613746,0.10920849075920547,0.10157061512801957,0.09902084094217356,0.10170481724422209,-0.012211095010144724,0.038961442339713104,0.035407326306395426,-0.04146623497217916,0.014950191507149935
2000-09-30,-0.05486205611392303,-0.09803209774529587,0.0164409882131773,0.021740347087691347,-0.02904286307505366,-0.1796570764049492,0.04429573590926439,0.13214295814079757,-0.036269072081788534,0.0012249639828318948,-0.013093276916188779
2000-10-31,-0.004677719569020966,0.08770444992436088,-0.027181654374933806,-0.008621215985434638,0.022495430312111653,-0.05727765161606291,0.06941852797723946,0.058082754470539344,0.015053764274202575,-0.01255481291779792,0.019900477841425568
2000-11-30,-0.07465257439620321,-0.02529698312015427,-0.05245121866496372,-0.0510868516434233,-0.03400038141654482,-0.2051467179057106,0.0345030318887074,-0.00045690592668501395,-0.09110190439650845,-0.024793621251075426,-0.022764205579614893
2000-12-31,-0.00522708154447149,0.14088886375948384,0.10209520034376918,0.08532832967348991,0.03950639844619852,-0.09892098149811979,0.03637535468794573,-0.013646030257705721,0.01650025563598856,0.07047073477391175,-0.04658905143842962
2001-01-31,0.04445905385986548,-0.02669622121669546,-0.03186432615751211,-0.002373156539615451,0.003839757120544407,0.1912178442790271,-0.07291021365430883,-0.056271017747095864,0.07229461789149338,0.11628798787208172,-0.15532283831117766
2001-02-28,-0.09538701208277,0.012950298414445172,-0.01213831303521562,-0.06727779831540726,-0.05992988919154385,-0.24906142853387658,0.0060426514281379795,0.02075333809713298,-0.019165364197987533,-0.0714034091279091,-0.024793462523359122
2001-03-31,-0.05603741984180266,-0.050080054621118864,-0.02983260898890905,-0.02995236016714864,-0.09577001742353941,-0.11460248272019646,-0.06935755454481529,-0.014335337818609739,-0.06403043369707695,-0.014581768077925439,-0.11440677666451782
2001-04-30,0.08543979119803002,0.1066593951018846,0.10325690484102878,0.03617178870693283,0.11432925319069787,0.16169412961642426,0.01941798657406335,0.04825849091909573,0.07382550687711653,0.04637715576321444,-0.08373203803974294
2001-05-31,-0.005605648833090782,0.038462001795176226,-0.009447179654885618,0.04399948543604215,0.041849830394227405,-0.04095812610117533,0.014682659542749166,0.00701144158719802,0.038194380991982246,0.023809479444979242,-0.07571800721406075
2001-06-30,-0.023829810495419324,-0.034513042124818094,-0.0911311881073098,-0.0071561726486703,-0.06178770826206048,0.019544154116957424,-0.04625386319480851,-0.05017537953622375,-0.01129644365953908,-0.007874954398172762,0.0056497121870149325
2001-07-31,-0.010195161209096915,-0.0027198526688729796,-0.011532252954702726,-0.009506610126540416,-0.0020763174031862563,-0.06922291536125647,0.030440325522599787,-0.008988160397924161,-0.019966059821349913,0.04445304993192445,-0.03370783356400553
2001-08-31,-0.059332541080322376,-0.004090905663997724,-0.04233326588677422,-0.0661218069612387,-0.03432725571903428,-0.12204471633143155,0.004791120293580864,-0.03563348641872066,-0.05075938969051652,-0.08754337523572397,-0.04651165208409025
2001-09-30,-0.08163070750288637,-0.11844457270858821,-0.09623344119363253,-0.056345681595609265,-0.1465194309130302,-0.16377029239464325,-0.0012058654995107387,-0.00955797621540655,-0.14479243590772217,-0.1263155078366246,-0.29878049622611735
2001-10-31,0.01302215447852384,0.027083140224500424,0.04027888170706406,-0.014181126370527375,0.01774446955999953,0.10909110736293703,-0.006384441443282429,-0.05263185065952092,0.0051061475704827775,0.05267719573871221,-0.12608694255013964
2001-11-30,0.07797739000143111,0.12677521623258126,-0.05584521029467504,0.06493998545339563,0.10004127737867541,0.14941500571055144,0.04417653512264952,-0.012626280434562376,0.11600309642565709,0.13316796621889737,-0.13930346901406565
2001-12-31,0.005638898120637892,-0.029949298474676755,0.057177472904334614,0.01947804569999878,0.045283310704754554,-0.022005086627053028,-0.019628944328134446,0.03204783890422047,0.02419467886474891,0.04543443891591581,-0.0346821163741744
2002-01-31,-0.009798632216878156,0.023342664169611282,-0.03557980285714146,-0.011406631514549681,-0.06317719981517356,-0.010833408622374807,-0.006693047590417556,-0.036033290657036754,-0.0074213781187412176,0.03286694477140273,0.029940163359560623
2002-02-28,-0.01793591064374067,0.0529196121473805,0.034174233173815294,-0.01730791404945342,0.02504842287792708,-0.13016052980680914,0.02100735201670334,-0.0018498599042151564,0.04598111983313702,0.005416261750549545,0.0
2002-03-31,0.03327075512165911,0.03075039944554714,0.08852490121792012,0.06616034971353302,0.02705377084281735,0.04939548509028513,0.016125813171104175,0.05332141126161738,0.05801367956117054,0.012722691114267493,0.011627895694091173
2002-04-30,-0.058155742050316483,-0.04723662553552144,-0.03599895816720733,-0.02541432880581662,-0.06901574726421045,-0.12090458305827356,-0.03716428240174019,-0.06068152779948288,-0.006082874566931351,-0.027963023609544724,-0.0057471209243954435
2002-05-31,-0.0059338510013612344,0.04957854888373703,-0.017594206488828923,-0.0030232177195509413,0.0043370424002175945,-0.04147033521889021,-0.011142001890312114,-0.008311599867529829,0.0139407208341078,-0.005136988816729859,-0.014450853111279693
2002-06-30,-0.07380715815163996,-0.017031284014491943,-0.036626756622702206,-0.042772811492600926,-0.06133094189076349,-0.13362525725366126,-0.10189957850515396,-0.06725884307852659,-0.07153052924994474,-0.05267046309289336,-0.026979473699040413
2002-07-31,-0.07881985030649152,-0.11341101949746912,-0.13854945388802842,-0.08313458755448622,-0.05660326684461914,-0.09481658657343195,-0.04269664644287419,-0.1472164346321846,-0.02890191511620588,-0.11940286465214511,0.0036165898800297747
2002-08-31,0.006800988467768443,-0.005349728205728543,0.015064175373689537,0.018655025159781013,-0.015556114116829667,-0.008380085765554823,0.007981208693284891,0.03965200595377549,0.009672775354026886,0.030177742618559877,-0.012012000831672753
2002-09-30,-0.10485192008098776,-0.1297922740950599,-0.07135512592541726,-0.11493534802872707,-0.11539849411347958,-0.16690140902202089,-0.07228357428767695,-0.12104579466477672,-0.06194311035663058,-0.08914997019528004,-0.07173254217979808
2002-10-31,0.0822836073570179,0.057094429778979716,0.01843036702288514,0.09143708147229046,0.049180863786994156,0.24767584218632765,0.03890844065174859,-0.02303157768312669,0.058314196036293175,0.06748939229854245,-0.07203660685540092
2002-11-30,0.06168087776214115,0.12032109222027287,0.041299897410418174,0.037233596917445544,0.052245631949294324,0.1585363950025782,-0.027723741038346406,0.0290570795399252,0.03090094259327425,0.04628100496478571,-0.15172902257303944
2002-12-31,-0.056569549231587746,-0.045803550210701593,0.00023142119927421767,-0.05418781224560898,-0.039279656183502265,-0.1321671833461895,0.0028222293556390277,0.03240060169272807,-0.037581482343661765,-0.08519646466427677,-0.016638918936395353
2003-01-31,-0.02459524176699357,-0.04989851556185809,-0.025078454997304434,-0.012727860697486881,-0.05391054155268493,-0.023648405622443525,-0.03410281541414739,-0.023498642625265576,-0.0033896615427881915,-0.03331854946344759,-0.028764837496665474
2003-02-28,-0.013479032901250187,-0.026525367013448764,0.029399004016964048,-0.030846673431111138,-0.01540009380813634,0.004844734390352379,-0.030633473168278358,-0.05347632371694344,-0.02229779253243802,-0.004476584602314926,0.023519120526198867
2003-03-31,0.0021401489892212133,0.00617495896935516,0.0012208060040352908,-0.009342346910811372,0.010626323332932897,-0.01515164036683958,0.00011903595652085208,0.05065819971166108,0.035646672579114025,0.02350776909899044,-0.07234035947841722
2003-04-30,0.0846115598636652,0.09031532513094853,-0.008512923438277031,0.1257222839940937,0.10823400692685659,0.09160841370733053,0.029617728464147453,0.08641273179341802,0.03293467097981262,0.11702635652863536,0.01009166756620461
2003-05-31,0.05483623665581283,0.030937928501813206,0.10619097079055462,0.050919766670403765,0.02710249996486258,0.0858423690020218,0.049162826612067834,0.10105078677141455,0.02065163640990897,0.05317039823264791,-0.014532165233827277
2003-06-30,0.010651201701578517,0.009023090688369484,-0.012841816583807897,0.004236011446327348,0.02088667325051996,0.007079582301481091,0.009543128727797834,0.013569846584996936,0.044165196587806044,0.01449746954076847,-0.22764979717940947
2003-07-31,0.018027930586676844,0.07862956108198915,-0.03534287251000667,0.043584296361208086,0.03305041784036611,0.031048831938967014,-0.0014883140252270888,-0.06690775202718302,-0.015001926581698077,0.01845669824386631,0.10620523472458498
2003-08-31,0.020625890618782616,0.027728379178997953,0.0637936189316155,-0.011709101966480562,0.038910110515242735,0.047727054143275716,0.016890104141277895,0.019864771533117276,-0.037037314087690065,0.05110528609250897,0.03559869780245317
2003-09-30,-0.010906278238534295,-0.045043489752374155,-0.020620458906693395,0.008866140506582187,-0.027353213840598745,-0.00867712746665772,-0.003932620131018694,0.04972254605262516,0.0026027039279377107,-0.04772173696925708,-0.035416646099959315
2003-10-31,0.05352683139681247,0.09528123273280653,0.009563976089141724,0.06926388709636022,0.061829167785019123,0.07330506423954986,0.045276178012744195,0.006849291920651757,0.006832366003359347,0.09100805798625466,0.006479462595253116
2003-11-30,0.010920623476912583,0.02258507332536941,0.007825130778978728,-0.003680626983930013,0.019813831254812175,0.014270691927477985,0.011769423563655623,0.002267099891134494,0.02142864260335897,0.00897305500261436,-0.025751061707756207
2003-12-31,0.05031360059615153,0.09803003134996247,0.13092385765401793,0.04535626990538,0.06627560945256028,0.03135577101644427,0.01778901122718568,0.06552061957281441,0.05786811708905071,0.040051672885804024,-0.0011013074160782788
2004-01-31,0.01976978783931238,-0.044211312248287116,0.02250460787208075,0.032705756551023146,0.010089636229361654,0.042689196723591394,0.0,0.02057433775373596,0.02752874158798102,-0.005715903609536999,-0.011025347745784564
2004-02-29,0.013570725921819848,0.052136511709988564,0.052538332578485614,0.028570842992356793,-0.007399098417597116,-0.025412456639082093,0.0569332097522528,0.018899455978932167,0.01065227608107766,0.021718292064990763,0.033444783606902284
2004-03-31,-0.01324532481749463,-0.02305774416184503,-0.0062511417366734046,-0.011613659726359082,-0.012232465958827987,-0.026557218291593965,-0.0024788126353738615,0.0106615576135769,-0.0416897974787136,-0.006171197975051057,-0.004315003415211183
2004-04-30,-0.018921252392134158,-0.04630702335186987,0.01704171750756367,-0.04353777322189789,-0.000378195033947093,-0.038194066526865744,0.013111683275896624,-0.042763586385833996,0.031072750709891794,-0.011338918970112077,0.031419333215803036
2004-05-31,0.017122983785875956,0.02808987830781362,-0.003016593022142189,0.0170701552501189,0.024620770293793948,0.039195178066029124,-0.005608369134673219,0.012027423709820573,-0.003240635157016336,0.006371532473777641,0.10504203943047519
2004-06-30,0.018501303904405964,0.050174951519386335,0.06236548658627128,0.004421780253979879,0.061725235971063164,0.027295596154893742,0.0054871007024921425,0.017318243596633698,-0.0037347535800017484,0.002584861571144126,0.23859307661485518
2004-07-31,-0.03221856379207466,-0.022778197447667514,0.030813461919911633,-0.02134303082531319,-0.027913643849855174,-0.06086974999278938,-0.04937257623546887,0.015151913636225034,-0.05366535800173011,-0.037939127224730584,0.08365308504132885
2004-08-31,0.002435497561781519,0.01681258057571089,-0.015408167773718007,0.0325350191946816,0.000717802386115407,-0.04423905175539744,0.017768229769255184,0.04063017863431395,0.0162520464309015,-0.0019713426206708906,0.11048160386143557
2004-09-30,0.010037485392557999,0.04018987911642857,0.09762947009430167,-0.009204017897574857,0.021497292342687713,0.029064121109669383,-0.02633800956122323,0.006347661120276404,-0.017485333851872786,0.02883693023480438,0.06760208455086336
2004-10-31,0.012884495779788674,-0.00943787367209259,0.006012018466565294,0.005271189203926774,0.01021881461669727,0.043932546346194146,0.006463367189429858,0.048702298852853154,-0.022230253377795273,0.0403845665773388,0.11529268586216301
2004-11-30,0.04451798563744114,0.08134860778854724,0.06744458669463693,0.03110751360989883,0.06278324139712144,0.05110247752768249,0.024771105763248924,0.0445371578363587,0.019538194823301103,0.04189748831027518,0.16871983971426552
2004-12-31,0.030120962922257632,0.01337199247268872,-0.02820722162229461,0.0413439466051273,0.024830768077113596,0.026165470409979852,0.03739107155839583,0.0246301282425736,0.055144197968127306,0.04671491883685719,0.0
2005-01-31,-0.02242107151577233,-0.03060884175965617,0.03386562564458617,-0.02161774524158122,-0.02800174216027873,-0.05637123838568514,0.011698211423053495,0.021185134341618506,-0.03113573720878826,-0.04278857524958102,0.10999084240979351
2005-02-28,0.02090389231434342,0.07876440941442664,0.16777630060148319,-0.006695847215922868,0.01158932978687166,0.0015063716926915216,-0.0012851087651499782,0.021448361229644552,0.03008456966915274,-0.005328334357083242,0.11065240853959857
2005-03-31,-0.01829277275065777,-0.026577304663741863,-0.019093170709793994,-0.03804660438759344,-0.0004385708465368676,-0.019549203086139832,-0.008762316522642255,0.011058655853475763,-0.005579912819734023,-0.0116861327528478,0.011895846003936228
2005-04-30,-0.018735063846461952,-0.07128687715107562,-0.054117483813593936,0.0017606702537438235,-0.036476966933874144,-0.03527633559535548,-0.010426353736155858,0.030874787545050797,0.03482904474670501,-0.06363064057187717,0.04224835211324973
2005-05-31,0.032224133412155354,-0.006426338132733189,0.02786696287502277,0.029535714839604932,0.03171863913392392,0.06942274998830844,0.023266526177173175,-0.0006653942733985119,0.01262196221952916,0.0618355019696788,0.01586185336206336
2005-06-30,0.0015154134860360102,-0.020017676014997376,0.06979197874628618,0.012464803810952718,-0.026340829999252025,-0.012884141703631835,-0.019320442670482385,0.0595339841026139,-0.005287766503605185,-0.004310588410232796,0.06176265620470711
2005-07-31,0.03826138880156016,0.05526966442917458,0.07086639642778914,0.015609165286600613,0.03812124277857798,0.05672704279120144,0.03208731394578135,0.022496990281448914,0.022558939373220843,0.056741748952576554,0.08888891486041217
2005-08-31,-0.009374641848086007,-0.041899873386255115,0.0638652297205562,-0.016371717643339334,-0.023606746180009575,-0.009501037156355197,-0.0174612093634815,0.006507957514706897,-0.0034667281458693466,-0.032910094193995154,0.029411779437628294
2005-09-30,0.008025430292665447,0.00769808437482955,0.06286458505974912,0.008558483732875377,0.01675647481655229,0.0023972235057263536,0.014145055938498574,0.04228226507696076,-0.005541600490579723,-0.028420961531733457,0.0116617962316381
2005-10-31,-0.02365063770304099,0.0021821862286783844,-0.09036695565015784,0.0304876364072888,-0.0142573824054949,-0.022966171467013186,-0.004724772709797653,-0.06398796072130397,-0.03062215630949261,-0.020314064761263628,0.09654179694089038
2005-11-30,0.04395206900346915,0.07656007692031674,0.01495241745198106,0.04766590769306145,0.058190444265839414,0.06317352897118411,0.009062980698384626,-0.0015900020757494415,0.012175200021079746,0.039899406861390485,0.013666240437331778
2005-12-31,-0.0019133675170847075,0.028611360512439177,0.017995346004949342,0.00020396315073090143,0.00473002228187136,-0.03071439596471648,0.0011688463269989846,0.008591958672595545,0.03460017991581665,-0.008558129747018417,0.03318635696854466
2006-01-31,0.024014027548076244,0.04821666637548194,0.14609373294757155,0.008841085881746258,0.0028644179376564605,0.03349236230916408,0.0017174971812228268,0.024211507022864787,0.012925585663330796,0.01776439896910409,0.09661229626054957
2006-02-28,0.005725457834656833,-0.021424167794666937,-0.09226462544544622,0.021282824713885207,0.031101103278959208,0.0023155596394914824,0.008572831486027166,0.013063511656458582,0.011515830115765624,0.007222363198063686,0.03135013444189427
2006-03-31,0.016504055489798164,0.04663805488065842,0.04243743760983332,0.0028986118476250766,0.044228654030787906,0.02263282995961058,0.008246373979540422,-0.04631504449048529,-0.012774627366735958,0.005883726821582336,0.0017749938001647703
2006-04-30,0.012631351711408945,0.03554841870507386,0.050367307399912464,0.04331807721458225,0.021597754488085874,-0.013098832611233346,0.00974598925381076,0.01589323409488097,-0.030956931002227295,0.012775010097505923,0.029900383803758146
2006-05-31,-0.030120872844667912,-0.040298657364007395,-0.027825591559751284,-0.03769149635958702,-0.01708628750334007,-0.06498857275481695,0.002097674787004289,0.0162836077841102,-0.020974594729898266,-0.01672036418437739,0.013978506642444044
2006-06-30,0.0026082712726442914,0.005160931845639816,0.025381755414229268,-0.004625497365879694,-0.001284856813074442,-0.004894825039930217,0.01840463123883329,0.0229449628181424,0.00034934533284958214,-0.0017498936329848336,0.030752911184303677
2006-07-31,0.004478806009938774,-0.03738297428915438,0.033479962538293995,0.022882083458737768,-0.05678781637069086,-0.02607005417368613,0.015709096553577995,0.048002450566135835,0.0545634761286391,-0.03324409762223757,0.015432059095624284
2006-08-31,0.0218226123339178,0.03009726480724062,-0.050809829127427375,0.011789762701189366,0.011288829926285882,0.07020216810376234,0.03866498579067934,0.027482143922016977,0.028536102566308452,0.019826663249373322,-0.006078973316926639
2006-09-30,0.027000961245965405,-0.0001383133227210731,-0.036588900389380785,0.0402532206229671,0.038179532593200616,0.040336234519662506,-0.0005037514096141171,-0.014544869262523297,0.015346104056194854,0.06370690635988496,-0.029561666610444237
2006-10-31,0.03151694408238792,0.0600502384559638,0.04265645418169184,0.023396897780892267,0.028194113565874757,0.039545088517231486,0.017730278355251095,0.052956495752038535,0.0033137279178632184,0.06466379097341002,0.03781508816878909
2006-11-30,0.019885615816757296,0.043530807954635486,0.08577093291106119,0.00705604774665658,0.024504336271016447,0.028422215851372057,-0.008516832130733953,0.026544159798293387,-0.0012007144382696344,0.012630940295245141,-0.010121495982936546
2006-12-31,0.013370885696164958,0.006316852155670238,-0.028173248778961102,0.037633702720960116,0.004926229406530647,-0.00538663079700008,0.02508832523743565,0.008537937889094405,0.01045244815019375,0.02168486085816368,-0.0010224208057807438
2007-01-31,0.015040309777205163,0.040470227622302346,-0.009210894444333761,0.009254556567842798,0.02085184539091145,0.020206017304577273,0.020290973131728673,-0.0035402447654234726,0.030457225195143156,0.028676172633709474,0.018423678921982933
2007-02-28,-0.019617477420542206,0.026758524908526482,-0.020484949589772095,-0.030474624073108303,-0.011191974467013588,-0.026970113436874277,-0.015385300837504667,0.05301964225681188,-0.02318178082833544,-0.029903564596488463,0.004020096745708468
2007-03-31,0.011589516283587287,0.023611778889293333,0.0628776311565249,-0.004728534239709203,0.008118785494424019,0.009961212143590137,0.02066445545931983,0.03592815345458966,0.0019523961905001386,-0.00472706896444397,-0.020020001386121256
2007-04-30,0.04429504413885432,0.014980561985041607,0.05126065490004805,0.038731738318868114,0.0464136494446894,0.04716968842514868,0.028142703129080626,0.04911814124742864,0.07310491368111993,0.023665849531174565,-0.03472933134961287
2007-05-31,0.033920100876106085,0.05903686227567695,0.07779740102812993,0.024047518043845972,0.05188151316016776,0.05036830830993111,0.013503869961030146,0.004562128477864524,0.017169501035416035,0.030053613417936553,-0.028571376670784465
2007-06-30,-0.014620614180563263,-0.00531853137147098,0.013035579587184376,-0.04016437629958114,0.000269721744436513,-0.0012483531194596997,-0.01992623928596471,-0.04747228095469802,-0.03347662378976235,-0.01746969710633539,0.01742917669859989
2007-07-31,-0.03131019151036918,-0.02666657639150871,0.0001451464938657665,-0.09065757264374208,0.009477710277816298,-0.001953001724058101,-0.02846574282513248,-0.039918609024511054,-0.04757861984202094,-0.05924245646136528,0.029978557644199766
2007-08-31,0.01283318171001846,-0.0068494723954191095,0.012029263978681648,0.025835695213569654,0.0002541194493477228,0.019178344973152406,0.023592107271558138,0.015789075647408835,0.02289612823587417,0.006216839441411048,-0.17047815862736726
2007-09-30,0.03871364937333266,0.08053716835459568,0.07399048789977192,0.0244126176747419,0.04737824874600349,0.037784118446252624,0.04594233757144761,0.03836166373846228,0.03119905883653562,-0.008796922674658592,-0.07268169452628592
2007-10-31,0.013566904217479303,0.04155784175736765,0.025401053367198,-0.017191113232072563,-0.01290213258784667,0.053021640387659774,0.015368213760674765,0.0665834245497905,0.01867068015027762,-0.004887645281180575,0.03243240108448231
2007-11-30,-0.03873253142559918,-0.05038831276436195,-0.04211134848808695,-0.08093665717989595,-0.028359732398185122,-0.07535213018533915,0.0274551817398494,0.006595447523211728,0.012774149433018245,-0.054570022490267545,-0.19633508196512583
2007-12-31,-0.011260949846914503,0.010723488139793957,0.08281245743392396,-0.058271991806213896,-0.0013345331126358717,0.01991347211402128,-0.008298732610736548,-0.0018118117940186806,-0.028276421785191963,-0.04953115098415617,0.022801359343169958
2008-01-31,-0.060460812043935275,-0.041967072403954475,-0.12287342721585715,0.007258661804527389,-0.0551583118025587,-0.12790703402569692,-0.055555884257973864,-0.07347056696596954,-0.04559611520675999,-0.0036697410711814538,-0.4044586171039509
2008-02-29,-0.025842866307383083,0.02302881813619706,0.09267264307536438,-0.1135893708368021,-0.020270159312090308,-0.04731180501116883,-0.0025734181047532,-0.04105033745588749,-0.02670649850030915,-0.03867416872286911,-0.045454565738090036
2008-03-31,-0.00894209826164527,-0.01405859512183294,-0.023362353479924214,-0.02940156019716822,0.036306085130968,0.011560599073280997,0.03239889178454969,0.016053006607883225,-0.04544124286872442,-0.017865160124527213,-0.2857142857142857
2008-04-30,0.04766231164111456,0.05327421509480601,0.10383413736516389,0.06996406560371571,0.02941210450300935,0.06250054951394746,-0.007537864923486959,0.05113306533879247,0.009945849330123435,0.023763539865113925,0.05098043798896268
2008-05-31,0.015116344250552416,0.05199738215343763,0.05198835658089096,-0.06952245752387043,0.008831596981711654,0.06512580853931937,0.030379460442058415,0.03585794903644657,0.01905972161011693,0.027345231865548936,0.38059699832795624
2008-06-30,-0.08357572040024841,-0.05816356320702154,0.03155372593968209,-0.17449401090283678,-0.12025546343944782,-0.09367350830157928,-0.05699465219818023,-0.007463154610147904,-0.04230960000213646,-0.11534338701283509,-0.07837836705828527
2008-07-31,-0.008985672991536076,-0.032351279937025024,-0.15913197452793337,0.06762092817544585,0.007938493823253623,-0.0244435293884826,0.024298781981069384,-0.06437360882384102,0.04480063761890718,0.0017555167752176803,-0.04105574820537583
2008-08-31,0.015453468829138561,-0.015601667459660074,0.003360190462556867,-0.009708724674787117,0.027421619415078036,0.017896900488546974,0.027007856574458255,-0.011029517641264142,0.020657058281166485,0.06905031935478578,0.03363918475719285
2008-09-30,-0.09417316325532621,-0.1547746960106703,-0.14930852670592998,-0.06252735057156689,-0.12071760100179074,-0.1244795560981723,-0.012513000186893053,-0.1098249433036711,-0.07431062834915314,-0.08202216731077139,-0.4674556534404082
2008-10-31,-0.16518670631875865,-0.22395242298679374,-0.18799372424530447,-0.2192054407912033,-0.182467578627573,-0.1612090364292733,-0.12608674768240546,-0.1300033070995429,-0.11480865552224362,-0.17634444017336692,-0.5166666512136102
2008-11-30,-0.06960659988515783,-0.10686721728380977,-0.021789673580799085,-0.18480353311483033,-0.08220809159078324,-0.08408432747347361,-0.0020729329739879176,0.04185408743546537,-0.06315766467926953,-0.1083551686068489,-0.9540229897854082
2008-12-31,0.009795786640506732,-0.005757731550747436,-0.04499211625347099,0.0037067463242901333,0.0232608096637148,0.015898431799842294,0.00015934446056098395,-0.024009492803270027,0.0719004943345436,0.06070888023728571,4.750000232830649
2009-01-31,-0.08211391665564627,-0.07387857827973854,-0.01779305521421315,-0.2619811847762876,-0.11998249546361872,-0.04737200487971793,-0.07205671936264779,-0.0017228028880537094,-0.012052934724304687,-0.10616572611107267,0.9130434331911956
2009-02-28,-0.1074492607150811,-0.08024720444876765,-0.12340180362338538,-0.17748924391994614,-0.1703061144135234,-0.03814710751486872,-0.08081248842947708,-0.1252583869603836,-0.12390360378951026,-0.09076791944697549,0.13636364252114097
2009-03-31,0.08331083385562388,0.15359584294433737,0.03764243425589431,0.17083847708480993,0.08817291539253569,0.1118096337975667,0.04248399989343521,0.019023174346997518,0.06005787826427511,0.1269756969280138,-0.19999998807907104
2009-04-30,0.09934650643880305,0.15578548891558586,0.0781909864214132,0.2179339000043059,0.1806838890811322,0.10435303789503658,0.042654162372123716,0.011741944382986702,-0.0012392391804039171,0.18524241256762752,-0.37500000931322564
2009-05-31,0.05845320808031351,0.058434137313366774,0.128877489307049,0.13979449437923108,0.03354779270540864,0.02318848656216166,0.05090923664102864,0.03559044247412402,0.06823778483246778,-0.007299320892034555,0.039999961853027344
2009-06-30,-0.0006548993921136059,-0.04537217037776897,-0.06548909156328075,-0.017855557167014924,-0.017042277875611078,0.03639754577222054,0.001988210284616043,0.05371574685898395,0.02370186138897501,0.0025340742060599997,0.38461549042245013
2009-07-31,0.07460557118654587,0.12868205376578,0.05348616444561305,0.08870325073881613,0.08743156758972725,0.08182273645776861,0.06655146465662232,0.037647979312370516,0.059293294192128476,0.09488750043342775,-0.02777783296726144
2009-08-31,0.03694004198128975,0.023695012312171748,0.010865190343781306,0.12990026516387632,0.047738899300916016,0.016243710764213493,0.01223426101296865,0.010020941708753117,0.026910137307171844,0.03521902122540177,-0.25714287173991324
2009-09-30,0.035457158969860236,0.042217066788401425,0.0584236888459988,0.019476217499783344,0.05833812861930432,0.046323410591337044,0.0331098257592215,0.013779372254248079,0.006151826262963178,0.05348875631056238,-0.11538456688971033
2009-10-31,-0.019225626396804474,-0.05171301333136724,0.024666058305662153,-0.05957191888224389,-0.03986335016583942,-0.012457941959307162,0.01453196632646514,-0.032049155477349545,-0.020927856820814883,-0.023662258891931298,-0.6086956437233492
2009-11-30,0.0616068453695775,0.10770248504583813,0.02841629233488141,0.04341693341463082,0.0877819957743986,0.05531343327551852,0.036780061992847335,0.048256180970743356,0.09298207068238651,0.06711424512856423,0.11111108351636934
2009-12-31,0.019101466310566195,0.02068968499707391,0.008804815977735858,-0.014088981468241224,0.016740847936465908,0.05803780562168548,-0.0022154018788527186,0.05471376641349912,0.018305437528214563,0.04586643882476804,0.0
2010-01-31,-0.036342879522522686,-0.08638996894015194,-0.044027328712739955,-0.015278204264938977,-0.014753226637219674,-0.0859134080195838,-0.01019987207371953,-0.048033727242109636,0.006759026982445571,-0.028888592264764923,0.39999998509883894
2010-02-28,0.031194957809884682,0.04512268067707215,0.03009156577884431,0.035261320947279406,0.05332363102154658,0.03482844820500408,0.03167913057404936,-0.013206805782063347,0.003836462464037238,0.05569038155467987,0.6428571656650426
2010-03-31,0.06087948967905499,0.07916178169347421,0.028169174375331618,0.08898899385659664,0.08692940792833515,0.06839737995976702,0.03767412030220707,0.02690614104856648,0.026673831479145704,0.07806874263203056,0.3043478542555027
2010-04-30,0.01547017238966153,0.002063901150355374,0.04155055556673615,0.013165825363425698,0.04257348746032519,0.01255433020116703,-0.010741078147401883,0.026297804605093456,-0.03890445110420282,0.06029210933936269,0.0333333002196432
2010-05-31,-0.07945465141364938,-0.09532248467947235,-0.11450506561593288,-0.09158414602977127,-0.09118839416141189,-0.07481847156050248,-0.04632663016644911,-0.055190313695264726,-0.0650909580993051,-0.07036180911405931,-0.032258033504347416
2010-06-30,-0.05174138465374767,-0.07332107410645083,-0.05925522732562649,-0.05728692455793283,-0.06875188632586449,-0.05396645620557583,-0.025313650306918456,-0.0070203769818121264,-0.018242434880516578,-0.09719182821101013,0.13333330021964307
2010-07-31,0.06830107303446264,0.12830422681996034,0.0837362241993278,0.06517009608129243,0.10426498509976323,0.07450976285700217,0.05803892909627395,0.07466353440314522,0.013120604523539026,0.07929942512708044,-0.17647059339140525
2010-08-31,-0.04498083512319473,-0.03030240589275046,-0.04903440236966283,-0.07817833553235876,-0.06932962687932143,-0.056112926017330644,-0.018532423897658856,0.014488003188794174,-0.0164510681277249,-0.03975825582802872,-0.035714251502436234
2010-09-30,0.08955515010641535,0.07754921763745526,0.09995579921213804,0.060637680986929565,0.11526804778786581,0.11663643385663258,0.06037914492693952,0.028948144311329083,0.09063312073381957,0.11021533098120662,0.14814811135515904
2010-10-31,0.03820171499905167,0.06162312129498404,0.056725354470233746,0.014633915807643838,0.028772330332351492,0.05777590098271279,0.031922268243818275,0.010834845645749436,0.022302706175733933,0.05537266126377394,-0.29032258994869575
2010-11-30,0.0,0.01120688390960578,0.05857478269718608,-0.006867994850492609,0.013362197576666457,-0.01642713509818683,-0.015640925970672792,-0.030264795927005705,-0.0288741025424043,0.025240984356111884,0.4545454299154359
2010-12-31,0.06685273747804144,0.10037747709115075,0.09318455131361891,0.10704265558943238,0.07476752793454389,0.055556532171082695,0.043995921189344145,0.03105303948512539,0.0460322992969624,0.0409580420221245,-0.2812499708961689
2011-01-31,0.023299939241411494,0.0007812351625977598,0.07179504627046174,0.0282130970124026,0.03928863714835629,0.03175879822862249,-0.014671208775074551,0.01212553914494463,0.00571400714094894,-0.006147409070376586,0.2608695060634443
2011-02-28,0.0347371372698313,0.02653450716400485,0.07368406536530792,0.02743914713995599,0.021247000812707695,0.02193108038320335,0.02908605692333821,0.012295054457284182,0.03125050169924326,0.05997810429015904,-0.068965453455194
2011-03-31,0.00012044125541432749,0.017541469340075944,0.018824721333717598,-0.024753881699327573,0.02230402978778101,-0.015509378309509603,0.012459344618885204,0.002313192829606958,0.018085580427800618,-0.005815182263554819,-0.33333333333333337
2011-04-30,0.02896121067828794,0.021239225621215274,0.009153731566233114,-0.0006103239091598267,0.027343021248447785,0.026093664628825675,0.05347580092737081,0.0404765635730282,0.06433080310010442,0.03841307743215805,-0.5555555831502974
2011-05-31,-0.011214464867729035,-0.027403980625759106,-0.04187398348337512,-0.03296709696934397,-0.027648673868571172,-0.010470854910183958,0.025063409764136013,0.021411491642387537,0.024688047094019838,-0.0027127575377110524,0.0
2011-06-30,-0.016869680125537134,-0.004019254877559719,-0.019221340663152398,-0.027453698064109022,-0.005457057575364299,-0.024833203895887168,-0.02664771593076387,-0.001438520328123527,-0.011239972668001807,-0.002176785657518887,-0.625
2011-07-31,-0.020004619658706813,-0.03454374257351067,0.01459909977248497,-0.03583081410459121,-0.06874352120325533,0.004280153785591434,-0.012808113694069312,-0.009259317842209347,-0.03968507378385844,-0.01392713697731296,5.000000372529038
2011-08-31,-0.05497546601731684,-0.07024472091466594,-0.10215856506040921,-0.09594583451086802,-0.06574399360048977,-0.05308015410182265,0.0019458327327817049,0.021706318021243787,-0.021101917951514282,-0.052458723019202735,-0.8333333436813615
2011-09-30,-0.06942069598233425,-0.1647945190618456,-0.1442347052472246,-0.1139106682799389,-0.0931001088371366,-0.03069627238859518,-0.03295534890789342,0.002161081307248791,-0.04488033918405576,-0.06895257747615113,-0.33333333333333337
2011-10-31,0.1091468151543169,0.17336513820394894,0.19142044733039776,0.14309961948627548,0.14373687762447518,0.10211863388818099,0.04652683659732193,0.03658514102861954,0.057674602426773136,0.11933489083556115,-0.5
2011-11-30,-0.0040634826940111335,0.002031886554920037,0.016640158981298336,-0.0511109482013804,0.014063369573396267,-0.014994044117392913,0.027706293994974596,0.010330157489156333,0.009534627234127013,-0.007175504110315645,2.0
2011-12-31,0.010448051015009563,-0.022793446316055177,-0.02042346363362757,0.021331883392468276,0.0025426675020512324,-0.002288898088620761,0.02770299301498569,0.03331408080718723,0.029650004387342666,0.013074136399756853,-0.6666666666666667
2012-01-31,0.04637452959055399,0.10985078490751743,0.02256654546604997,0.08153855726140846,0.07318495915074896,0.06208250389376002,-0.01415831402518375,-0.036131273927732854,0.03199791807630259,0.05894375388017048,10.000000186264518
2012-02-29,0.0434055063712917,-0.005648139741946223,0.059272613127848706,0.049786829403079214,0.027885265401943915,0.07103224892880511,0.03746520607568682,0.006055307261734644,0.010614806219315875,0.045256646302978654,0.36363642521141015
2012-03-31,0.032163529236642674,0.0038080364088652896,-0.03809914677358606,0.07387826363754035,0.009789510998111428,0.04514158633864418,0.031008513241963298,0.013589634874923595,0.04477092237556679,0.047206380057370545,-0.13333339956071377
2012-04-30,-0.00667534352657162,-0.008115384649630242,-0.007107673175953622,-0.02341800147443196,-0.010956816733133534,-0.011273213119804337,0.0029341950750907397,0.01769437237746696,-0.002658912688195847,0.01153267230565369,0.38461549042245013
2012-05-31,-0.06005559284057216,-0.07771948060234246,-0.10682215152433938,-0.09202796519957734,-0.06322562509636642,-0.06338032004267258,-0.011702362356452944,0.0056081782402210845,-0.036257081995138885,-0.055032175594362354,-0.3333333747254461
2012-06-30,0.040580837144176485,0.049120268251904076,0.048099654767273625,0.04999249034515363,0.0337119795490286,0.0326372122463785,0.03639471331655675,0.04111166291070334,0.057119319607919605,0.01936863594041993,0.33333333333333326
2012-07-31,0.011829458451088737,-0.012751426925343812,0.0494199566931115,0.0013659437712016942,0.0039246416596436795,0.018447742657435873,0.02473365780241954,0.025141789589824937,0.00999758744629653,-0.005482150074011427,0.25000004656612984
2012-08-31,0.025052873685324384,0.023248867700193854,0.026991856353189236,0.03410632598371577,0.015359197085326182,0.0420370328262496,-0.004771088612982366,-0.041402903349752385,0.01172174898009759,0.046164299138997666,-0.1500000037252902
2012-09-30,0.02535073893617734,0.03766517004238379,0.031158894574294216,0.03263715350395824,0.011177907480032001,0.015328330404068113,0.01756675906867744,0.011693018185735315,0.03808929098300062,0.03080802270211569,0.05882356034843128
2012-10-31,-0.018198243232972255,-0.0209242855230779,-0.020291602017116328,0.019884575238145796,-0.0010949981356842553,-0.06357468253065768,-0.012280519691898029,0.014014411013032468,-0.0022430510031744566,-0.015388358714108485,0.16666658388244104
2012-11-30,0.005659358885601984,0.018595975448553403,-0.01223225231249303,-0.008805088734040734,0.01753897538967375,0.009005836057801586,0.018367007191824936,-0.042818403513085856,0.005246301868274683,0.03169112404986052,-0.28571423503006244
2012-12-31,0.008934824325795399,0.03193042259215062,0.010187627167422386,0.04649162169440957,0.028225801957216357,-0.0039141415813434,-0.02076611404426687,-0.00016597969747078611,-0.003594555533273147,0.004508943638204421,-0.5333333498901784
2013-01-31,0.05119040285551213,0.03942446353467344,0.0830295999964259,0.06040299388285919,0.05751946154386678,0.019064220334151782,0.05644690088184645,0.047536709076947625,0.0759786412692256,0.05670302352911305,0.8571427811165249
2013-02-28,0.012758473140229487,-0.01358249433869152,0.0043955958526822325,0.012082951172611489,0.022205958052551766,0.007822756125065666,0.03308893668086643,0.023237049681614774,0.012584228962102317,0.015958541882627575,0.5384616178168378
2013-03-31,0.037971426630045935,0.022118861775357157,0.02542704864960843,0.038737490554574094,0.023705363389195933,0.02577730764826125,0.04926471554043954,0.053689376461491856,0.06211366523427775,0.04375869815867017,-0.3500000335276122
2013-04-30,0.019212385587571212,0.009444150881439128,-0.013112994219302343,0.026908470818611585,-0.007423020675714764,0.01750866529320505,0.029419456999748794,0.05959053288804994,0.030032914028361724,0.0303770885742376,-0.30769225478877493
2013-05-31,0.023609466665904133,0.018962972227216213,0.02849124296717509,0.06096273415228737,0.05018090268594211,0.02792230810348295,-0.021738976935786636,-0.09051382698262644,0.01648036304280298,0.027650908692330667,-0.3333333747254461
2013-06-30,-0.013344096215885948,-0.041100807573346776,-0.02266775290570966,-0.0157056099451075,-0.01544047719864916,-0.028917394183320733,-0.003023616178652211,0.008944973024889391,-0.005912953685457745,0.00820910989777257,0.0
2013-07-31,0.05167679599404873,0.05554123012778911,0.05261784023444438,0.0534701109307385,0.05909913029769043,0.037266861944617924,0.043357607063210235,0.04331629309555263,0.0716236368615053,0.0526594516324328,0.0
2013-08-31,-0.029992244236215493,-0.0012354539635449635,-0.010312925374794557,-0.0512442496499661,-0.024800763716996355,-0.01040025630202035,-0.04542158276413477,-0.049923372219771944,-0.03528021306986062,-0.028465271319530028,-0.33333333333333337
2013-09-30,0.031646514664113834,0.044284703327340136,0.021142628185540024,0.02821578165087124,0.058669356570355324,0.025321067447090062,0.013710680716256585,0.01147362740280089,0.03207379234421337,0.05422906218675094,-0.75
2013-10-31,0.046306270107277614,0.04189417166323106,0.04197313398281266,0.03314925302788385,0.04761949263480103,0.05024999203161462,0.06407023781811438,0.037730625078236546,0.04309197928259079,0.045851982778470246,5.600000111758711
2013-11-30,0.02963817942347191,0.013023312180749924,0.0005786593972683107,0.044238980717979715,0.03661008920833342,0.03090617398817752,0.015584656748749426,-0.019339851313577294,0.047185704535211315,0.034537377634340505,0.6666666666666667
2013-12-31,0.025926352981529455,0.048962744093017596,0.028716998351064005,0.022476514367080203,0.04218563217689719,0.03534740156413729,0.006898908073275756,0.009110688213625373,0.0073888672995319205,0.022831788651179075,0.1454545700845642
2014-01-31,-0.035248614637422016,-0.04716551163863314,-0.057959996913144574,-0.036596505963300885,-0.04267108718007251,-0.025742227845350518,-0.05165144788672582,0.02976010165927101,0.009379616835912152,-0.06000292670410878,-0.8412698473707197
2014-02-28,0.0455157190660771,0.06902807293580482,0.0512120717172142,0.03038926520646834,0.04057599686990376,0.043940536519300855,0.0390082282393307,0.03452702761118975,0.062187402525261115,0.0639923233112989,3.3000002421438746
2014-03-31,0.008295997789986576,0.008259201456224163,0.021083452889063548,0.033308084988496356,0.009565544510806046,0.004302255169607028,0.021929992960108446,0.03350945612162204,-0.01257828523436122,-0.028670870439305385,-0.348837211317085
2014-04-30,0.006951400438345967,0.008248704947188212,0.05254891899926184,-0.017009797811987193,0.013376717607460176,0.0027511671112661062,0.027403601517164367,0.0422093873315168,-0.006325851828429818,-0.013596932705901676,-0.28571432372745087
2014-05-31,0.023206268766054583,0.029578250833359743,0.016748345012812527,0.015027200446180666,0.01923423465132368,0.03758547500400078,0.01808306296956319,-0.01087725636717285,0.028733723893382912,0.028822179977591844,0.5
2014-06-30,0.020645163413731904,0.016145227954184493,0.05513362718715986,0.02422676865222173,0.00474882519773967,0.01868917005298143,-0.0025323123284852755,0.044419493463419,0.02121522968354883,0.01938620937565072,-0.33333333333333337
2014-07-31,-0.013438125024659575,-0.0199435883104091,-0.0346653969107692,-0.014512512804716104,-0.0412503712317801,0.016948983792242522,-0.033168935658156595,-0.06800723995946922,0.001315251338840584,-0.012735651816018434,-0.10000001862645191
2014-08-31,0.03946385553867193,0.038642916418155426,0.02183533129654469,0.04239181171840256,0.04225357860007306,0.03282075935310513,0.04612883316098082,0.04921198995042153,0.04843186108900954,0.04446778649183458,0.0
2014-09-30,-0.013796663219080796,-0.014051084012053017,-0.07751347200146952,-0.004034105897459894,-0.01146415452795646,-0.005170743942323752,0.0058876819916682255,-0.018729720968202912,0.0043500758360361935,-0.027708573015682525,-0.27777773178653753
2014-10-31,0.023551418136094293,-0.023996776308805923,-0.035312013745535165,0.02891674590169413,0.03875814526227095,0.016040587365941494,0.03546870518514189,0.0803043759124964,0.052573981848041296,0.021142254489405765,-0.7692307719861614
2014-11-30,0.02747179952715495,0.01570267579042328,-0.08693710307157154,0.023489897190632547,0.030791685243488187,0.04810032569848932,0.055448510844755106,0.011655605708227323,0.034785080387202516,0.05447869745236744,0.6666666149265241
2014-12-31,-0.0025366069586996165,-0.005568916720643968,-0.0021076501088143074,0.018702162231502673,-0.00021576957486246773,-0.02176801470213907,-0.009356589391059544,0.035671867589323725,-0.014033408138819259,0.008900434580585426,6.400000260770327
2015-01-31,-0.029628955491305176,-0.01832052946288021,-0.045603377514608634,-0.0695506985046992,-0.03552522783812817,-0.03506608172206527,-0.009692900316993991,0.023295100936294277,0.013015370799803971,-0.029937944631331037,-0.8648648696269232
2015-02-28,0.05620441621197081,0.07968166259324883,0.045929265091781524,0.058235488057627904,0.05350960993801657,0.07994978875080183,0.04144090149311719,-0.06394890079678917,0.04287562231523534,0.08544080108806229,0.6000001117587115
2015-03-31,-0.015705681926620363,-0.049049080880330775,-0.011552225241704295,-0.006160512469756352,-0.025460734073882496,-0.034355703563145545,-0.01942638783650985,-0.009952784778797352,0.006406279008644766,-0.004829968519937888,2.1249998981365983
2015-04-30,0.009833725174644758,0.033620343895526705,0.06573844341738733,0.0008295276577532373,-0.002510442255801215,0.027509599816200048,-0.0075912583525376,-0.004726572599867085,-0.010896635045534842,-0.0005306155117132949,-0.8000000074505804
2015-05-31,0.01285591766498051,0.0037688140931866343,-0.05188648659565731,0.019477742630978012,0.0032360964509565715,0.01855290399314491,0.008682987877568271,0.006332025578423384,0.04504258623781476,0.013145352675909105,-0.3999999813735481
2015-06-30,-0.020311660388324326,-0.039495548024491844,-0.03483537756650301,-0.004609906674964082,-0.026547501459212364,-0.04112822162317631,-0.01834375632859442,-0.05984029410763658,-0.003919832898759079,0.0055446540280006396,2.3333332298530483
2015-07-31,0.022589090416410995,-0.05042380759425913,-0.0769022988710476,0.03404423908010279,0.0029597456354064633,0.02850259280112466,0.05693288299803867,0.06102245400447659,0.02957420227597174,0.04890125412436297,4.799999962747096
2015-08-31,-0.06095020022859543,-0.056365285204560744,-0.042519659409167354,-0.07060686806728567,-0.05403930200583962,-0.0551898631669252,-0.05963016322494341,-0.034780503796078,-0.07964474894865847,-0.06531988954575818,-0.9482758601310172
2015-09-30,-0.025515678258394958,-0.07421441296586695,-0.0719336401020646,-0.02813409974524761,-0.022040349333931286,-0.013718801741747666,0.0038983351436445712,0.029174529981203623,-0.05702897334151591,-0.0058697190317299475,0.6666666149265241
2015-10-31,0.08505932342750855,0.13426829506337667,0.1116012321556834,0.06266557621307212,0.08779367348138578,0.10506347897272605,0.05700379396369226,0.010626082119189473,0.07715564166845712,0.09035775971706594,12.600001043081306
2015-11-30,0.0036550851751386837,0.00993843822409568,-0.00014727031415207037,0.019933554031881684,0.008660120522044235,0.007101825202008083,-0.009222429132793808,-0.02125692220175235,-0.0032240610141115456,-0.0023459768472684495,1.4999998904326444
2015-12-31,-0.017282546013587696,-0.04340106446861258,-0.10516946522893589,-0.023643873206619648,-0.02572439816833405,-0.020811651987285074,0.029177028940704064,0.02119147508054242,0.017228529146704252,-0.02843157766777271,-0.1294117626434379
2016-01-31,-0.049786251251676905,-0.10709320893271368,-0.03498008718465995,-0.08854426195260856,-0.056970406289447606,-0.037123569556589575,0.005347392531866557,0.0494454106804918,-0.07719022747869808,-0.05181684415943566,1.0270270814505515
2016-02-29,-0.0008259263744304635,0.07815297755801587,-0.02800216842005654,-0.02900523697256918,0.04260867901249199,-0.006547126556729732,0.003152206677181635,0.019374824129867463,-0.0036103995123770716,0.004453044354348679,0.026666620307500333
2016-03-31,0.0672656288367981,0.07573062661157182,0.10165951525003036,0.0715917851343153,0.06973550698354902,0.08821709127791455,0.04738304943848548,0.07976445159559842,0.027074406212833635,0.0669742349807918,-0.37337660798286176
2016-04-30,0.003941579185198885,0.05110479319140193,0.09064474278056056,0.03599967734004039,0.012439014506451018,-0.05027027617122548,-0.01432344080950776,-0.02418377388695625,0.029655048800126593,0.001264200189063036,0.0
2016-05-31,0.017011237059186834,-0.0033973573305602356,-0.009333484494701283,0.01887618519046952,-0.004273385986996336,0.04889612981723479,0.0068832268236769245,0.015076345360180543,0.022352816829965594,0.0005050202344631938,0.46632117591623423
2016-06-30,0.0034760715781898543,-0.007845415811785994,0.027207013265928115,-0.032326742405540454,0.0071313194788822365,-0.01377776051719204,0.0535858134137166,0.07628070407415555,0.009091591526872778,-0.011395715079572932,-0.1236749023579008
2016-07-31,0.036471244907388733,0.05071192400933011,-0.0126024368568326,0.03455774447485771,0.036243656497078724,0.07101657626259228,-0.008159962605420179,-0.0066706135267308175,0.048668393159138956,0.04560635469964991,-0.03225807033083827
2016-08-31,0.001197700814927316,-0.002669813346485861,0.016770510497883695,0.03847824758370977,0.009476382350346535,0.011625434910615295,-0.005849988618891966,-0.055449052992688985,-0.032447424773012656,-0.012987261182685783,0.33333333333333326
2016-09-30,5.787071665497301e-05,-0.01161176854059276,0.036882101221689334,-0.028018299303465888,0.0018612994941351602,0.021018063845059887,-0.01545531461786065,0.003611053346475046,-0.005095823633382457,-0.002666273136264663,-0.1875000116415324
2016-10-31,-0.017337178152724397,-0.020942359492039153,-0.028183149123586104,0.022798017441260088,-0.020041054335030006,-0.0075345894859382145,-0.007705171141103584,0.008981299431254142,-0.06587154957954167,-0.02423796261121247,0.1346153757981292
2016-11-30,0.036838400926732184,0.0682353919719112,0.08466923206130761,0.1403239010753261,0.09089325642279489,0.0016871829318594322,-0.042045417553637665,-0.05421826873591973,0.020634928402293085,0.04801510416918742,0.5864407307044854
2016-12-31,0.02027176507480588,0.0017663696364078607,0.017307466597230592,0.037565088335624885,0.0030606738567686698,0.02259847998050124,0.02996574057696444,0.04898871195221943,0.007162933460167498,0.0003901670514290245,0.025641014211250424
2017-01-31,0.01789452162515559,0.045472815948307765,-0.0321294243661957,0.0025806860736716786,0.0186434095094119,0.035566463157418404,0.017017856308634727,0.012558857569433757,0.022918551800419795,0.042138225294834575,0.04166668994973155
2017-02-28,0.03929190994916487,0.005581421099253303,-0.020850945266192022,0.05276696837568062,0.0391291804720546,0.045327370199008454,0.047727681073479244,0.05266367200908295,0.06338602137959914,0.01815402587860926,0.046000003814697266
2017-03-31,0.0012497941916620459,0.006218281020859084,-0.014859672815706326,-0.029561258504769983,-0.007655539873959283,0.022260184309349063,-0.00422685236847431,-0.0013532119260581954,-0.004805710551450293,0.021339572582071087,0.4110898145121695
2017-04-30,0.009926245649176657,0.012593333974869614,-0.02947063816701545,-0.008427827051386116,0.019673942682627565,0.02007146797898063,0.010993092862896736,0.007600754963782874,0.015330474173970599,0.02399037132677284,0.05691056516592985
2017-05-31,0.014113212331352099,0.00018826612304212453,-0.035377297888960935,-0.011899796354000514,0.017787106540593678,0.03953641685443632,0.026459150856126712,0.041392552454559306,0.00768218320651437,0.010993073309988333,0.2179487473395696
2017-06-30,0.006374748422576015,0.018502347481048842,-0.0011166517177458868,0.06513335775868057,0.013512804278180024,-0.0281179466930086,-0.02253472912858978,-0.027088304384629724,0.0456713076545634,-0.012594177682160312,0.04526314039309587
2017-07-31,0.020554106469823807,0.01542454005364835,0.026185850475372918,0.017024448776799206,0.0029360499518651384,0.04459037144735167,0.006916703063242435,0.024249476123897384,0.008202918701565975,0.019301867976775133,0.06042296489598442
2017-08-31,0.0029178050151852375,0.007869617203059898,-0.0547881468710647,-0.01554366480890601,0.0021959465135616973,0.0292162805053946,-0.011026977780641989,0.032882534482213455,0.01752396613569207,-0.01860785283131927,-0.07122506171033749
2017-09-30,0.02014936089245367,0.03697011186014354,0.10182331300075176,0.05132958880392047,0.04184473157211199,0.008178359563651094,-0.007149950939791538,-0.02756721425849351,0.009113922460567414,0.008238819112468043,0.05112475733809063
2017-10-31,0.02356413723037254,0.03873254745302934,-0.00832334049321326,0.02861552180966842,0.007464805590753576,0.06514399101118862,-0.016487630280218935,0.03901942353255716,-0.007585809032059743,0.021203378518643623,0.09241247945002318
2017-11-30,0.03056554024178637,0.009491419891760833,0.017522580849888003,0.03458685949003515,0.04166057220358432,0.014138185944953863,0.055754119066435015,0.026850638803630922,0.029096047091563104,0.0506576964656007,0.10240428040954064
2017-12-31,0.01212819780087493,0.02126968166220089,0.05269422484186026,0.018881166902288804,0.02108558752854206,0.005458051633881134,0.022530498104154084,-0.06058207185076647,-0.005504719028587179,0.024582629279368717,0.09450725400061266
2018-01-31,0.056359345817522,0.03998020455539697,0.03584277333974906,0.06556805195220128,0.05365427783732457,0.0703673706115131,0.016347088605383364,-0.03113098108634449,0.06555419823390407,0.09241041048130638,0.05535049993999941
2018-02-28,-0.036360353513454235,-0.05274029738468744,-0.10834991193947086,-0.029253585774482338,-0.03863066435332019,-0.004090377074153939,-0.0762710761401848,-0.03879368480312673,-0.04494916793668324,-0.034690639452601424,0.13146859431151592
2018-03-31,-0.027410948213567266,-0.0414634276570901,0.017230296499380238,-0.04155322212714241,-0.026882870595801855,-0.03733825329761453,-0.009069168080774848,0.037965464414282835,-0.02916604805930323,-0.023847071437221423,0.032138396530464464
2018-04-30,0.005168381215181039,0.0012292481023266078,0.09494155901445467,-0.004352494581527866,-0.027863587161533365,0.0006116090981163058,-0.041420992517006594,0.020383585176391383,0.010565476556495312,0.023792799854666757,0.055688656736128106
2018-05-31,0.024309147683791332,0.020522782635596926,0.02994162602110828,-0.009836145035030275,0.030739325478760016,0.06782737237493253,-0.01565923250159995,-0.011054927360111266,0.001823333676200578,0.019865161095005357,0.06069199808832382
2018-06-30,0.005750937288057978,0.0027556179654497637,0.0056953054982318285,-0.017469427424555817,-0.033889819289226075,-0.0026312498513334504,0.04569056069734345,0.028138372398905265,0.01649316136953871,0.03618662024283914,0.005347588469388986
2018-07-31,0.037046361571548614,0.02858608898496917,0.015538378606535508,0.0511472178013046,0.0738516473812354,0.0208721156549192,0.039588457254892795,0.015973949776720398,0.06554077098280442,0.018023671639711303,0.05585107411691759
2018-08-31,0.0319198229445703,-0.007701159171558114,-0.03475088347858235,0.01359569982993869,0.002340214948066688,0.06598998450257909,0.003920312495095946,0.012881061221174273,0.04329214957305094,0.051047143849430876,0.0352645097972919
2018-09-30,0.005945611876720713,-0.01795423402592855,0.024459828065190425,-0.022154706509913247,0.02177357862465623,-0.0001925749813744826,0.009872018772085323,-0.0064831673367941045,0.029542496392685136,0.005304312501384301,0.04622872288278801
2018-10-31,-0.06910435761451938,-0.09183486927480689,-0.11328198708781634,-0.04713566127451663,-0.1086731984310998,-0.08004773306983282,0.02002614921806023,0.019752952870876417,-0.06778793226100654,-0.10100669886935487,0.05953489083867214
2018-11-30,0.018549202906346318,0.038015554811755115,-0.01563484199703058,0.026255741643228747,0.038064715022941176,-0.019624862330660964,0.022723051668828598,0.03538856013247238,0.08083424546607199,0.024767605216004185,0.013169433651242235
2018-12-31,-0.08804846218819684,-0.06887700649166573,-0.1243919159696052,-0.11128936176400561,-0.10658991037631482,-0.08376504633744641,-0.08914551770567647,-0.039944737082719284,-0.09353611214766977,-0.07956235821761182,-0.0034662630492330315
2019-01-31,0.08006555071945853,0.05601732374856083,0.11211895766596247,0.08900098100406106,0.1142678244196671,0.06937729316287267,0.051398219523125954,0.034769420637297044,0.04808688248109538,0.09867699144803299,0.01739128812274293
2019-02-28,0.0324160079389888,0.03186460653437484,0.023047714915845452,0.0223589843627372,0.0636756107726959,0.06910089097000749,0.017793416945303786,0.041088316190127205,0.010808212910099257,0.013145723234044171,0.018376061714141967
2019-03-31,0.018100281959602116,0.01252931772809518,0.021281074212288198,-0.025593852266848516,-0.011494863660057919,0.047686902882840165,0.03822992554889848,0.027914603049657982,0.004818910804545329,0.036552883750324616,-0.023080080031807837
2019-04-30,0.040852641130616485,0.03513545450414868,-0.0001511518955313873,0.0898482572203998,0.03971741663589601,0.06364827770540815,0.028515567215952053,0.009283036109730025,-0.027138940088357266,0.054633129247046996,0.017182113691248002
2019-05-31,-0.06377140142729609,-0.08181041372117082,-0.11102714263825442,-0.07173469216562078,-0.0764002971875074,-0.08664681221421944,-0.036388820293515645,-0.007835044498642807,-0.022182167872712766,-0.07603877631577705,-0.03167231702582496
2019-06-30,0.06958677305579286,0.1156373390566845,0.09395142611928864,0.06653712115287336,0.07920454370618812,0.08938241087985332,0.052195301045400155,0.03186336174774307,0.06594038008805647,0.07815897382232495,-0.11251631004563645
2019-07-31,0.015119557797427907,-0.002735269397403095,-0.015852895698565517,0.023550629711119653,0.005166290737041335,0.03498219269185587,0.023420214459097144,-0.0013420902028199455,-0.01619192851510476,0.012751822292075055,-0.0024570585896938058
2019-08-31,-0.01674379319645214,-0.02828229600897192,-0.0832538349274149,-0.04707954160859362,-0.026471011161227187,-0.015352363393782542,0.021706101451708815,0.05088181064344455,-0.005925028214865846,-0.009443261403427439,-0.0477832533143413
2019-09-30,0.01945822543007436,0.03179763803670155,0.03934302624746966,0.04542145710745049,0.03011371805815588,0.015728656308026334,0.017512751388763403,0.04251637252847518,-0.0010557472399286283,0.012714474611110527,-0.08432487855977411
2019-10-31,0.022104545824122468,-0.00017179437024861244,-0.0209460297796209,0.02499997893896988,0.011335934168269501,0.03899150372753968,-0.004233141256879791,-0.0075684128561225306,0.0512592233946918,0.001242652855881765,-0.15367229271659522
2019-11-30,0.036198559343875614,0.03179233077579413,0.01604563629597089,0.050522788016458486,0.044962096548032626,0.053663359660951704,0.013734465043028887,-0.018677173513616196,0.05002647164216367,0.013239468663574616,0.028037340041309422
2019-12-31,0.029055215439866888,0.028624110547333936,0.06026230854258219,0.02609256420348749,-0.0020109959839786917,0.04320625775369957,0.02412707902400424,0.03290521548514991,0.034753018272710046,0.027631739572067104,-0.02272725161582778
2020-01-31,-0.00040384420781036656,-0.061706202382309616,-0.10992687379604382,-0.026640691797502725,-0.004418871331614227,0.03992587654222324,0.003175775758046173,0.06747145612315153,-0.026703383943388337,-0.0007972854639298754,0.0033222559783854244
2020-02-29,-0.07916587954411247,-0.0851985567120318,-0.15288149623136948,-0.11248319912812788,-0.09900123480607281,-0.07300952348691125,-0.08214616393524787,-0.09857940799693987,-0.06586643956801164,-0.07572622405024254,-0.18543044580011458
2020-03-31,-0.12487112063558159,-0.13996711015353935,-0.34370962115420756,-0.21035949208887283,-0.18625947053110414,-0.08577957349919518,-0.05532082673495964,-0.0999559812966394,-0.0388735799379597,-0.14913312970647874,-0.9756097570209424
2020-04-30,0.1269833950176189,0.15186509340093846,0.30763938794768064,0.09462075872439168,0.08812045154349524,0.13736491660888106,0.06957932290360347,0.03338735773166257,0.1258747539865095,0.18882535119878918,2.000000186264519
2020-05-31,0.04764528962183112,0.06881245973514938,0.0199999911440647,0.02720484156524683,0.05388578312414327,0.0717644387838019,0.016649725547767114,0.04243800386048857,0.03288876585231826,0.06509431485392536,0.4222222332601189
2020-06-30,0.01773431620866317,0.021814703969754046,-0.010955312937932393,-0.00522825787846759,0.01972811996934798,0.0694904487277368,-0.0022461420267552157,-0.046722615261068245,-0.024425573484393448,0.03073885932682674,0.05468749181454813
2020-07-31,0.05889245371220109,0.07116241845856486,-0.04808470612254345,0.038461908835283776,0.04410496539469566,0.05684756059147955,0.06923607573689594,0.07797265305001466,0.05456179442277387,0.07274281500371216,-0.3851852330160711
2020-08-31,0.0697963848526475,0.04357182872720533,-0.010546485385342752,0.04286278542537758,0.08476213315691372,0.11880837651479093,0.045933006810913835,-0.02597386873548646,0.025869494425596606,0.09554745929323172,0.14457834245401124
2020-09-30,-0.03744323615401901,0.015076356759312404,-0.14606644481513642,-0.034222251824690186,-0.006821983863807057,-0.05335101896305183,-0.016747886218026475,0.010813231314964256,-0.021804742773185115,-0.01863395815963964,-0.10526313725600922
2020-10-31,-0.024933655641086627,-0.007228230388057866,-0.04106853708602198,-0.008724597230236109,-0.014419327728293796,-0.05004292993593251,-0.0287049934623419,0.05052195437340967,-0.03621529248162647,-0.02728241434581402,-0.02352945920092786
2020-11-30,0.10877680675408596,0.12361533937950209,0.27994449882892924,0.1684830196588467,0.16027434798589257,0.11383733388170847,0.0746870548145433,0.007374400146847426,0.07948045197622067,0.09995068682236119,-0.09638547186997282
2020-12-31,0.037048116839896394,0.024816049549662766,0.0448010969737247,0.0630602736173822,0.01006850907621959,0.05541624535527134,0.01650997345347016,0.0062041680877007455,0.03797837429111528,0.024278594196692982,-0.13333339956071377
2021-01-31,-0.010190274002153,-0.024174905677729286,0.03746711580410511,-0.01797814615088722,-0.042688120538517005,-0.008383199262305796,-0.04981474930287111,-0.008771909936906908,0.014016121493693134,0.007649981459710187,-0.26153842803289074
2021-02-28,0.027805453084774445,0.041195042756617894,0.22456752611789965,0.11606207247487399,0.06889257691169481,0.01365095396267213,-0.012326177901297752,-0.060981538840255256,-0.02103800327981986,-0.005308066928218169,-0.2708333365670923
2021-03-31,0.04539925148538715,0.07590421135391145,0.029709983269866846,0.058524049872463735,0.08986868964323724,0.01836649921600264,0.08498196411158188,0.1055204547385189,0.040273284495838224,0.044598088834996386,-0.628571422489322
2021-04-30,0.052910425286081475,0.053807067137432885,0.0067262154547089725,0.0649047137716301,0.03534769491896905,0.05187901510895476,0.018591637725079435,0.04184895542859035,0.03931827471133187,0.06455660032473598,-0.7692307719861614
2021-05-31,0.006566329651300551,0.05081908352906783,0.057096754001758176,0.047711132300629844,0.03129622138352128,-0.009306038220366242,0.01767757389726987,-0.023381286405938395,0.018709042153920885,-0.03398177061841667,1.6666667701469517
2021-06-30,0.022427352718871196,-0.05263229767313038,0.04233941399803531,-0.030394057431948562,-0.022794723377705606,0.0688634413645568,-0.005444166677512907,-0.022082849748881195,0.02298931754098965,0.0345687656168705,3.9999996507540514
2021-07-31,0.024412518085953128,0.020774884577771102,-0.08316323627949163,-0.004633260101062353,0.00937485787646719,0.03887317226457254,0.02200922895721269,0.04333399255736525,0.04922617478658675,0.010529173687372273,0.0
2021-08-31,0.0297597171208126,0.01892445017243638,-0.02004430142368452,0.05147843304088151,0.011126180304682709,0.03559310718698838,0.010488292590082438,0.038956746870582926,0.023155396303402576,0.01784615406220902,0.0
2021-09-30,-0.04660546771295693,-0.07188599616910962,0.08931480900693556,-0.018425103517489494,-0.060798020568538336,-0.05839946732675805,-0.041392070620865584,-0.06093217969987885,-0.055183915239960135,-0.02140789633216178,-0.29999996274709617
2021-10-31,0.07016359931005689,0.07597018809889988,0.10328266229204375,0.0727419988954976,0.06796819770601759,0.0817705350276332,0.03500906045012675,0.047432701206394645,0.05121776807888767,0.12092525603474114,0.7142856762725491
2021-11-30,-0.008034881289607831,-0.005521461780032211,-0.05011307417423727,-0.05712879254382741,-0.035601605251961876,0.044511969296593845,-0.013473720036771608,-0.0170380728492715,-0.030563770522706424,0.016355950384447926,0.0
2021-12-31,0.046247718098669344,0.07583206338077919,0.029833915556211732,0.033643033657529964,0.0539760652229071,0.03247362972172163,0.10454695585694429,0.09689315865284809,0.09019853018689572,0.001497466605179687,-0.3125000097012768
2022-01-31,-0.05274122296824335,-0.06798388484666229,0.18774785311302278,0.00025631493433775354,-0.04791598558105925,-0.06844187902653431,-0.014784024800798656,-0.03255119548426122,-0.06856410441363736,-0.09533357708013879,4.242424057699103
2022-02-28,-0.02951698841170025,-0.012670222360569583,0.07069171008713204,-0.013825112866338807,-0.008437598152298276,-0.04877456937366442,-0.014084607737703703,-0.0190613041420995,-0.009677527846697509,-0.040659680081847505,0.6647398804099938
2022-03-31,0.03759043882493929,0.06118911177060582,0.0933858770848972,-0.0012996323702996193,0.03436394940301346,0.03345002839191391,0.01781345169008941,0.10345258455450201,0.05738160016978067,0.04426678498765124,0.7118056317285473
2022-04-30,-0.08776894212294373,-0.03539432026158773,-0.01687592568061802,-0.0994259472603255,-0.07613144494015489,-0.1101741169471172,0.02305942927739979,-0.04297605770898816,-0.04890894304279492,-0.11956753771837547,0.6389452879536051
2022-05-31,0.002257146381180908,0.011760580371724005,0.16034606737608903,0.027818217959372893,-0.0046247708092123085,-0.006859077063146701,-0.04082913089676343,0.04308149038669451,0.014889922945064749,-0.05120349452842643,0.2747523954537887
2022-06-30,-0.08246052969983242,-0.13856310663233462,-0.17073467247783203,-0.10860894931585807,-0.0736698377949655,-0.09255728180719869,-0.02347269350544834,-0.048954476456272156,-0.02608020502885755,-0.10833488819816284,0.5533981245484803
2022-07-31,0.0920875483183976,0.0615493195011938,0.0966297260082567,0.07186019764002394,0.09503090115232671,0.1345187256798992,0.03200358923100577,0.05447040685548443,0.0324389547587991,0.18439051200906298,0.4362500393949442
2022-08-31,-0.040802095545892314,-0.03481383925132164,0.026523821386208457,-0.019578744011492843,-0.02833547251086599,-0.06212754236440654,-0.018526006426776598,0.0052737137112077725,-0.05770380602767322,-0.044954972290194295,0.24456038904764443
2022-09-30,-0.09244573901534847,-0.09302927913008141,-0.09558709849950486,-0.07655960224978142,-0.10430932325557052,-0.1196712064198242,-0.08132836511282471,-0.11280989908749339,-0.025386762161000775,-0.08206400284012039,0.11188817601360612
2022-10-31,0.08127556969216099,0.08925134381999644,0.24965281047888643,0.11923560329257143,0.1389426127305997,0.07652810676906974,0.09006421578691737,0.01938626242342245,0.09611082091802192,0.011091894636421795,0.2499999437692042
2022-11-30,0.0555914547583749,0.11703580767439847,0.012777801529904487,0.06856993010682122,0.07811357189727963,0.06326754850609073,0.0611769122774386,0.06963143557909635,0.04723176150486008,0.014857984412084635,0.06993707788664327
2022-12-31,-0.05762808180957568,-0.05518759430493403,-0.03048948229114412,-0.05220448097448005,-0.029898389052390062,-0.0821027931554964,-0.02727565215411043,-0.0049438394901843985,-0.01877701680077526,-0.11394965783274635,0.0016460020403203934
2023-01-31,0.06288733599832508,0.0897271452126911,0.02812387977119113,0.0690059044945115,0.03706341056456619,0.09257477462745434,-0.010865104079115784,-0.019999997626521493,-0.01832911086370348,0.15128519574098376,0.07276993570981793
2023-02-28,-0.025142750744301723,-0.03331359620511898,-0.0693874300775491,-0.022976166582408863,-0.008640054090050198,0.004118850153471909,-0.023189471941374995,-0.059198125145769165,-0.04641571362843666,-0.021250982399237395,0.0306345429380368
2023-03-31,0.03707766246133448,-0.01001080584470726,5.348023108298072e-05,-0.09547675758645191,0.006191096306443544,0.10858010205258783,0.04219286595662708,0.04906025735260289,0.021978049001176947,0.03061931479881741,-0.026539277916689308
2023-04-30,0.01597491132323925,-0.0013635652722606695,0.027767569990275298,0.03172636089616776,-0.011662467369011664,-0.0011918741138604583,0.03654128384059763,0.01905752003534622,0.03143829080673499,-0.011234522203300012,0.07371860804734709
2023-05-31,0.004616283504743857,-0.06865329162144995,-0.10031709423517599,-0.04250837052817502,-0.03149999220297228,0.08917311513999926,-0.061596119062337085,-0.058712830851296416,-0.04268712025254939,0.025362163586129194,0.06601671651841268
2023-06-30,0.06479974011469292,0.11005669737774637,0.0691336243527465,0.06616065160779172,0.11253652764501543,0.06053190887856208,0.02788185197058768,0.01596137940843967,0.04260642185886909,0.1222976655568897,-0.01810218452834278
2023-07-31,0.032733312174374474,0.034391247257319346,0.07773838967197877,0.0480567240792531,0.028885666530506615,0.02582528662464756,0.021302558085737777,0.024908259944541378,0.010698276993013955,0.023143437124167887,0.018435914861107516
2023-08-31,-0.016251932135838754,-0.03301457752776249,0.01646073465027542,-0.02688925296418554,-0.01983339972933973,-0.01508270572879733,-0.039471923575632784,-0.06127927867060168,-0.007006821518618089,-0.017439867001887044,0.00952738424478472
2023-09-30,-0.0474345518308108,-0.047790195133311286,0.0240329842457796,-0.03088205999284621,-0.05947541282723001,-0.0647834475034067,-0.04787890539776296,-0.056424245481637936,-0.029591878474499955,-0.05532002553759685,0.00037756359606500034
2023-10-31,-0.021708490227539956,-0.03169983070036464,-0.057528414195775035,-0.02441977467513856,-0.029788765841939013,0.0004880566932099484,-0.013806152335107846,0.012896533508374386,-0.03262403291060756,-0.055162058368323774,0.003773581171086837
2023-11-30,0.09134375414821427,0.08348702424912768,-0.00716059641807032,0.10939451178801374,0.08834894089304757,0.12895556750856008,0.04126151431705982,0.051432300759061356,0.05435991574518395,0.1096647245607878,-0.015413581379473684
2023-12-31,0.045655319116733484,0.04523369483824724,0.0007719309231211113,0.05253866421678466,0.07065545469585444,0.041826830913831214,0.027116301575006885,0.01858830483324958,0.04326120226966368,0.061321535489465395,-0.011072945526406253
2024-01-31,0.015926412525066214,-0.03892918168751347,-0.00512886131681034,0.03085119976829942,-0.009649987484674272,0.027015748116238525,0.012356031906930465,-0.02968573441790756,0.02932982959769892,-0.04412506625264778,0.0015444737655325724
2024-02-29,0.052186909820852945,0.06507724141081361,0.03272990382869745,0.04076351610424589,0.07183986767955841,0.04704574617103163,0.02098190339563555,0.010577661871752353,0.03162862673766309,0.0789259693597939,0.006746308027784753
2024-03-31,0.03270173622781991,0.06468341883141404,0.10486383079926553,0.048056314732375816,0.04420885251310369,0.00789426001143334,0.03320581860279148,0.0659000649873478,0.023777164293778963,-0.000647730091872134,-0.0038292132369555087
2024-04-30,-0.04031945066605758,-0.04586080474012433,-0.00942696904154372,-0.04178539188497932,-0.035249285073162606,-0.057617612223376025,-0.011262426554231264,0.016603152993643677,-0.050091293274938,-0.04497261088715021,0.008072230701567484
2024-05-31,0.05057970997391559,0.03272051508014595,-0.003421903291573103,0.031714458740880414,0.01637595590749985,0.07076991501306829,0.02437087844035868,0.08960145972710731,0.024014646945512252,0.001993074146696472,0.0
2024-06-30,0.03527992602664809,-0.030583714490934666,-0.014141579834077711,-0.008819041866762967,-0.009888516992350493,0.07835391888196197,-0.0023510363859882144,-0.05542637546430018,0.018240140208315214,0.03877003959387815,-0.0061010611149789895
2024-07-31,0.012109172696890491,0.04337022185515682,0.022600110703034693,0.06397486378687711,0.04915059167175162,-0.032842613573563106,0.01658395166130311,0.0682418466147785,0.02662094822022887,0.027905817938581823,-0.014962515731830717
2024-08-31,0.02336555104472482,0.023225310892170503,-0.020705976730028053,0.04572469054323669,0.028155998811638883,0.006992622423174888,0.059858637842177265,0.04808366716333046,0.05059162527713634,-0.001973566716436448,-0.03252196422356424
2024-09-30,0.02100477413806412,0.026836809100189596,-0.03018104835271318,-0.005589060486066,0.03362016016063274,0.026485371046715667,0.011284177134436968,0.06602950859590151,-0.01657477271172303,0.07301962803724082,-0.09460543404323651
2024-10-31,-0.008923558620233862,-0.03102302142100355,0.008997689319927726,0.025595923453154867,-0.011887003221749737,-0.015591676046931569,-0.0346986817370597,-0.010769909331338812,-0.046422697093595144,-0.01736784703064076,-0.014673184218365498
2024-11-30,0.05963352184722481,0.014883840447267316,0.07833844931125444,0.10456116969157114,0.07591715420940948,0.05170067914231358,0.03869196380387541,0.03779247851633416,0.003676829401041637,0.12905694582990668,-0.01331227732985829
2024-12-31,-0.024060182229797777,-0.10763027397676306,-0.09579575463371803,-0.054614238744669086,-0.08033204898247215,-0.003546718073450972,-0.04822787926086458,-0.07974116073133175,-0.06252714692282324,0.01113435860782408,-0.0377315244416927
2025-01-31,0.026856513441005703,0.05526516059158504,0.023114535282172888,0.06496993358330583,0.05001543207883663,-0.007354221524421667,0.004706763743232756,0.028933812902500744,0.06760196163635235,0.034856214812438724,-0.004752846971540214
2025-02-28,-0.01269493833942792,-0.0003378426934309564,0.038338661308554345,0.01379449754590234,-0.014600736292404215,-0.022876036123341104,0.05191193329321475,0.01720597718753769,0.014025943820106024,-0.06981952046469542,0.0011938007073539758
2025-03-31,-0.05571919586383445,-0.026702976063097905,0.03493235414037499,-0.0419524178626145,-0.03562967440986531,-0.08286031514152692,-0.011764519421509023,0.0023939196995312884,-0.01581346953626983,-0.08314727318817539,0.0
2025-04-30,-0.008670119115083419,-0.02430791557626577,-0.13857677871267582,-0.02108019642973613,0.0011445523227364696,0.016902459584189344,0.0019591951290760523,0.0006341331428594277,-0.03794258706718534,-0.0010128992104267986,-0.0007154263479322021
2025-05-31,0.06284478885258071,0.029204652929682995,0.012794897667932625,0.04511902698501413,0.0884011403763092,0.0997285796114038,0.012220383063876517,0.03827630229208867,-0.055741423430803905,0.0838486868212156,0.010023822510969893
2025-06-30,0.05138629266404782,0.022206686735430026,0.048692798886460276,0.03119062106424897,0.03605224602020196,0.0984785507893593,-0.0157498043346177,0.003747341824213546,0.021060482593884933,0.01867211978481853,-0.009924342661591923
2025-07-31,0.023031505020404186,-0.0009110019055400542,0.028298576401581288,0.0,0.03043648046336367,0.03755487097382737,-0.01469682678410611,0.049105936329566724,-0.03234660743783535,0.018865319670034797,0.010739874863819665
2025-08-31,0.020519492148202145,0.05186361823110097,0.03646370838216195,0.030933841838727494,0.0,-0.0011037352749879714,0.0125344086707182,-0.015758134579095806,0.053668616970928174,0.04656095635221602,-0.04533645955345744
2025-09-30,0.03562036952182912,-0.024216511608605384,-0.003181903525729002,0.0010619178187434297,0.01879608069929084,0.07533702522272834,-0.023176738121158502,0.04123623635566043,0.01729211893956184,0.03591387432622417,-0.048973579472344264
2025-10-31,0.023837458474752493,-0.04407510370220025,-0.01354379934331218,-0.027844849033004992,0.0053816515167699475,0.06677076556061601,-0.0266683466861517,0.021671740942829087,0.03650221262567488,0.0012100943059469849,-0.03302993303383328
2025-11-30,0.0019499283249213573,0.04353927140430125,0.026324766087301166,0.018331198203362264,-0.008835303613214385,-0.0480909272029405,0.040508648500523936,0.01717172466577721,0.09289421278969878,-0.014462479717009313,-0.005648173430217507
2025-12-31,0.000797497311368911,0.019778411791045558,-0.0029602077572790098,0.030591074912595273,0.012761301027869765,0.007535249837874458,-0.013440775040703401,-0.05087000192778712,-0.013896562382751054,0.011982095168412421,-0.04057346342548096
